<?xml version="1.0" encoding="UTF-8"?>
<configurationDescriptor version="62">
  <logicalFolder name="root" displayName="root" projectFiles="true">
    <logicalFolder name="HeaderFiles"
                   displayName="Header Files"
                   projectFiles="true">
      <logicalFolder name="Board" displayName="Board" projectFiles="true">
        <itemPath>../Includes/Board/HardwareProfile.h</itemPath>
        <itemPath>../Includes/Board/MOTEapp.h</itemPath>
        <itemPath>../Includes/Board/USBapp.h</itemPath>
      </logicalFolder>
      <logicalFolder name="Drivers" displayName="Drivers" projectFiles="true">
        <itemPath>../Includes/Drivers/adcSensors.h</itemPath>
        <itemPath>../Includes/Drivers/buttons.h</itemPath>
        <itemPath>../Includes/Drivers/i2c_driver.h</itemPath>
        <itemPath>../Includes/Drivers/input.h</itemPath>
        <itemPath>../Includes/Drivers/SSD1306oLED.h</itemPath>
        <itemPath>../Includes/Drivers/TMRapp.h</itemPath>
      </logicalFolder>
      <logicalFolder name="MccGenerated"
                     displayName="MccGenerated"
                     projectFiles="true">
        <itemPath>../Includes/MccGenerated/adc.h</itemPath>
        <itemPath>../Includes/MccGenerated/eusart.h</itemPath>
        <itemPath>../Includes/MccGenerated/interrupt_manager.h</itemPath>
        <itemPath>../Includes/MccGenerated/mcc.h</itemPath>
        <itemPath>../Includes/MccGenerated/pin_manager.h</itemPath>
        <itemPath>../Includes/MccGenerated/spi.h</itemPath>
        <itemPath>../Includes/MccGenerated/tmr1.h</itemPath>
        <itemPath>../Includes/MccGenerated/tmr3.h</itemPath>
      </logicalFolder>
      <logicalFolder name="Usb" displayName="Usb" projectFiles="true">
        <logicalFolder name="framework" displayName="framework" projectFiles="true">
          <itemPath>../Includes/Usb/framework/usb.h</itemPath>
          <itemPath>../Includes/Usb/framework/usb_ch9.h</itemPath>
          <itemPath>../Includes/Usb/framework/usb_common.h</itemPath>
          <itemPath>../Includes/Usb/framework/usb_device.h</itemPath>
          <itemPath>../Includes/Usb/framework/usb_device_cdc.h</itemPath>
          <itemPath>../Includes/Usb/framework/usb_device_local.h</itemPath>
          <itemPath>../Includes/Usb/framework/usb_hal.h</itemPath>
          <itemPath>../Includes/Usb/framework/usb_hal_pic18.h</itemPath>
        </logicalFolder>
        <itemPath>../Includes/Usb/usb_config.h</itemPath>
      </logicalFolder>
    </logicalFolder>
    <logicalFolder name="LinkerScript"
                   displayName="Linker Files"
                   projectFiles="true">
    </logicalFolder>
    <logicalFolder name="SourceFiles"
                   displayName="Source Files"
                   projectFiles="true">
      <logicalFolder name="f1" displayName="Application" projectFiles="true">
        <itemPath>main.c</itemPath>
        <itemPath>../Includes/Board/poweruptest.c</itemPath>
        <itemPath>../Includes/Board/MOTEapp.c</itemPath>
        <itemPath>../Includes/Board/USBapp.c</itemPath>
      </logicalFolder>
      <logicalFolder name="f4" displayName="Drivers" projectFiles="true">
        <itemPath>../Includes/Drivers/buttons.c</itemPath>
        <itemPath>../Includes/Drivers/TMRapp.c</itemPath>
        <itemPath>../Includes/Drivers/SSD1306oLED.c</itemPath>
      </logicalFolder>
      <logicalFolder name="f2" displayName="MCC Generated" projectFiles="true">
        <itemPath>../Includes/MccGenerated/eusart.c</itemPath>
        <itemPath>../Includes/MccGenerated/interrupt_manager.c</itemPath>
        <itemPath>../Includes/MccGenerated/mcc.c</itemPath>
        <itemPath>../Includes/MccGenerated/adc.c</itemPath>
        <itemPath>../Includes/MccGenerated/spi.c</itemPath>
        <itemPath>../Includes/MccGenerated/tmr1.c</itemPath>
        <itemPath>../Includes/MccGenerated/pin_manager.c</itemPath>
        <itemPath>../Includes/MccGenerated/memory.c</itemPath>
        <itemPath>../Includes/MccGenerated/cmp1.c</itemPath>
        <itemPath>../Includes/MccGenerated/fvr.c</itemPath>
        <itemPath>../Includes/MccGenerated/tmr2.c</itemPath>
        <itemPath>../Includes/MccGenerated/tmr3.c</itemPath>
      </logicalFolder>
      <logicalFolder name="f3" displayName="USB" projectFiles="true">
        <logicalFolder name="f1" displayName="Device" projectFiles="true">
          <itemPath>../Includes/Usb/Framework/usb_device.c</itemPath>
          <itemPath>../Includes/Usb/Framework/usb_device_cdc.c</itemPath>
        </logicalFolder>
        <itemPath>../Includes/Usb/usb_descriptors.c</itemPath>
      </logicalFolder>
    </logicalFolder>
    <logicalFolder name="ExternalFiles"
                   displayName="Important Files"
                   projectFiles="false">
      <itemPath>Makefile</itemPath>
    </logicalFolder>
  </logicalFolder>
  <sourceRootList>
    <Elem>../Includes/Drivers</Elem>
    <Elem>../Includes/MccGenerated</Elem>
    <Elem>../Includes/Board</Elem>
    <Elem>../Includes/Usb2</Elem>
    <Elem>../Includes/Usb</Elem>
    <Elem>../Includes/Usbold/src</Elem>
    <Elem>../Includes/Usbold/framework/usb</Elem>
  </sourceRootList>
  <projectmakefile>Makefile</projectmakefile>
  <confs>
    <conf name="Standalone" type="2">
      <toolsSet>
        <developmentServer>localhost</developmentServer>
        <targetDevice>PIC18LF45K50</targetDevice>
        <targetHeader></targetHeader>
        <targetPluginBoard></targetPluginBoard>
        <platformTool>ICD3PlatformTool</platformTool>
        <languageToolchain>XC8</languageToolchain>
        <languageToolchainVersion>1.35</languageToolchainVersion>
        <platform>4</platform>
      </toolsSet>
      <compileType>
        <linkerTool>
          <linkerLibItems>
          </linkerLibItems>
        </linkerTool>
        <archiverTool>
        </archiverTool>
        <loading>
          <useAlternateLoadableFile>false</useAlternateLoadableFile>
          <parseOnProdLoad>false</parseOnProdLoad>
          <alternateLoadableFile></alternateLoadableFile>
        </loading>
      </compileType>
      <makeCustomizationType>
        <makeCustomizationPreStepEnabled>false</makeCustomizationPreStepEnabled>
        <makeCustomizationPreStep></makeCustomizationPreStep>
        <makeCustomizationPostStepEnabled>false</makeCustomizationPostStepEnabled>
        <makeCustomizationPostStep></makeCustomizationPostStep>
        <makeCustomizationPutChecksumInUserID>false</makeCustomizationPutChecksumInUserID>
        <makeCustomizationEnableLongLines>false</makeCustomizationEnableLongLines>
        <makeCustomizationNormalizeHexFile>false</makeCustomizationNormalizeHexFile>
      </makeCustomizationType>
      <HI-TECH-COMP>
        <property key="asmlist" value="true"/>
        <property key="define-macros" value=""/>
        <property key="extra-include-directories"
                  value="..\Includes\MccGenerated;..\Includes\Drivers;..\Includes\Board;..\Includes\Usb;..\Includes\Usb\Framework"/>
        <property key="identifier-length" value="255"/>
        <property key="operation-mode" value="pro"/>
        <property key="opt-xc8-compiler-strict_ansi" value="false"/>
        <property key="optimization-assembler" value="true"/>
        <property key="optimization-assembler-files" value="false"/>
        <property key="optimization-debug" value="true"/>
        <property key="optimization-global" value="true"/>
        <property key="optimization-invariant-enable" value="false"/>
        <property key="optimization-invariant-value" value="16"/>
        <property key="optimization-level" value="9"/>
        <property key="optimization-set" value="default"/>
        <property key="optimization-speed" value="true"/>
        <property key="preprocess-assembler" value="true"/>
        <property key="undefine-macros" value=""/>
        <property key="use-cci" value="false"/>
        <property key="use-iar" value="false"/>
        <property key="verbose" value="false"/>
        <property key="warning-level" value="0"/>
        <property key="what-to-do" value="ignore"/>
      </HI-TECH-COMP>
      <HI-TECH-LINK>
        <property key="additional-options-checksum" value=""/>
        <property key="additional-options-code-offset" value=""/>
        <property key="additional-options-command-line" value=""/>
        <property key="additional-options-errata" value=""/>
        <property key="additional-options-extend-address" value="false"/>
        <property key="additional-options-trace-type" value=""/>
        <property key="additional-options-use-response-files" value="false"/>
        <property key="backup-reset-condition-flags" value="false"/>
        <property key="calibrate-oscillator" value="true"/>
        <property key="calibrate-oscillator-value" value=""/>
        <property key="clear-bss" value="true"/>
        <property key="code-model-external" value="wordwrite"/>
        <property key="code-model-rom" value=""/>
        <property key="create-html-files" value="false"/>
        <property key="data-model-ram" value=""/>
        <property key="data-model-size-of-double" value="32"/>
        <property key="data-model-size-of-float" value="32"/>
        <property key="display-class-usage" value="false"/>
        <property key="display-hex-usage" value="false"/>
        <property key="display-overall-usage" value="true"/>
        <property key="display-psect-usage" value="false"/>
        <property key="fill-flash-options-addr" value=""/>
        <property key="fill-flash-options-const" value=""/>
        <property key="fill-flash-options-how" value="0"/>
        <property key="fill-flash-options-inc-const" value="1"/>
        <property key="fill-flash-options-increment" value=""/>
        <property key="fill-flash-options-seq" value=""/>
        <property key="fill-flash-options-what" value="0"/>
        <property key="format-hex-file-for-download" value="false"/>
        <property key="initialize-data" value="true"/>
        <property key="keep-generated-startup.as" value="false"/>
        <property key="link-in-c-library" value="true"/>
        <property key="link-in-peripheral-library" value="true"/>
        <property key="managed-stack" value="false"/>
        <property key="opt-xc8-linker-file" value="false"/>
        <property key="opt-xc8-linker-link_startup" value="false"/>
        <property key="opt-xc8-linker-serial" value=""/>
        <property key="program-the-device-with-default-config-words" value="true"/>
      </HI-TECH-LINK>
      <ICD3PlatformTool>
        <property key="AutoSelectMemRanges" value="auto"/>
        <property key="Freeze Peripherals" value="true"/>
        <property key="SecureSegment.SegmentProgramming" value="FullChipProgramming"/>
        <property key="ToolFirmwareFilePath"
                  value="Press to browse for a specific firmware version"/>
        <property key="ToolFirmwareOption.UseLatestFirmware" value="true"/>
        <property key="debugoptions.useswbreakpoints" value="false"/>
        <property key="hwtoolclock.frcindebug" value="false"/>
        <property key="memories.aux" value="false"/>
        <property key="memories.bootflash" value="false"/>
        <property key="memories.configurationmemory" value="true"/>
        <property key="memories.configurationmemory2" value="true"/>
        <property key="memories.dataflash" value="true"/>
        <property key="memories.eeprom" value="true"/>
        <property key="memories.flashdata" value="true"/>
        <property key="memories.id" value="true"/>
        <property key="memories.programmemory" value="true"/>
        <property key="memories.programmemory.end" value="0x7fff"/>
        <property key="memories.programmemory.partition2" value="true"/>
        <property key="memories.programmemory.partition2.end"
                  value="${memories.programmemory.partition2.end.value}"/>
        <property key="memories.programmemory.partition2.start"
                  value="${memories.programmemory.partition2.start.value}"/>
        <property key="memories.programmemory.start" value="0x0"/>
        <property key="poweroptions.powerenable" value="false"/>
        <property key="programoptions.donoteraseauxmem" value="false"/>
        <property key="programoptions.eraseb4program" value="true"/>
        <property key="programoptions.preservedataflash" value="false"/>
        <property key="programoptions.preserveeeprom" value="false"/>
        <property key="programoptions.preserveprogramrange" value="false"/>
        <property key="programoptions.preserveprogramrange.end" value="0x7fff"/>
        <property key="programoptions.preserveprogramrange.start" value="0x0"/>
        <property key="programoptions.preserveuserid" value="false"/>
        <property key="programoptions.programcalmem" value="false"/>
        <property key="programoptions.programuserotp" value="false"/>
        <property key="programoptions.testmodeentrymethod" value="VDDFirst"/>
        <property key="programoptions.usehighvoltageonmclr" value="false"/>
        <property key="programoptions.uselvpprogramming" value="false"/>
        <property key="voltagevalue" value="3.25"/>
      </ICD3PlatformTool>
      <PICkit3PlatformTool>
        <property key="AutoSelectMemRanges" value="auto"/>
        <property key="Freeze Peripherals" value="true"/>
        <property key="SecureSegment.SegmentProgramming" value="FullChipProgramming"/>
        <property key="ToolFirmwareFilePath"
                  value="Press to browse for a specific firmware version"/>
        <property key="ToolFirmwareOption.UseLatestFirmware" value="true"/>
        <property key="firmware.download.all" value="false"/>
        <property key="hwtoolclock.frcindebug" value="false"/>
        <property key="memories.aux" value="false"/>
        <property key="memories.bootflash" value="true"/>
        <property key="memories.configurationmemory" value="true"/>
        <property key="memories.configurationmemory2" value="true"/>
        <property key="memories.dataflash" value="true"/>
        <property key="memories.eeprom" value="true"/>
        <property key="memories.flashdata" value="true"/>
        <property key="memories.id" value="true"/>
        <property key="memories.programmemory" value="true"/>
        <property key="memories.programmemory.end" value="0x7fff"/>
        <property key="memories.programmemory.partition2" value="true"/>
        <property key="memories.programmemory.partition2.end"
                  value="${memories.programmemory.partition2.end.value}"/>
        <property key="memories.programmemory.partition2.start"
                  value="${memories.programmemory.partition2.start.value}"/>
        <property key="memories.programmemory.start" value="0x0"/>
        <property key="poweroptions.powerenable" value="true"/>
        <property key="programmertogo.imagename" value="lora"/>
        <property key="programoptions.donoteraseauxmem" value="false"/>
        <property key="programoptions.eraseb4program" value="true"/>
        <property key="programoptions.pgmspeed" value="2"/>
        <property key="programoptions.preservedataflash" value="false"/>
        <property key="programoptions.preserveeeprom" value="false"/>
        <property key="programoptions.preserveprogramrange" value="false"/>
        <property key="programoptions.preserveprogramrange.end" value="0x7fff"/>
        <property key="programoptions.preserveprogramrange.start" value="0x0"/>
        <property key="programoptions.preserveuserid" value="false"/>
        <property key="programoptions.programcalmem" value="false"/>
        <property key="programoptions.programuserotp" value="false"/>
        <property key="programoptions.testmodeentrymethod" value="VPPFirst"/>
        <property key="programoptions.usehighvoltageonmclr" value="false"/>
        <property key="programoptions.uselvpprogramming" value="false"/>
        <property key="voltagevalue" value="3.25"/>
      </PICkit3PlatformTool>
      <Simulator>
        <property key="codecoverage.enabled" value="Disable"/>
        <property key="codecoverage.enableoutputtofile" value="false"/>
        <property key="codecoverage.outputfile" value=""/>
        <property key="oscillator.auxfrequency" value="120"/>
        <property key="oscillator.auxfrequencyunit" value="Mega"/>
        <property key="oscillator.frequency" value="1"/>
        <property key="oscillator.frequencyunit" value="Mega"/>
        <property key="oscillator.rcfrequency" value="250"/>
        <property key="oscillator.rcfrequencyunit" value="Kilo"/>
        <property key="performancedata.show" value="false"/>
        <property key="periphADC1.altscl" value="false"/>
        <property key="periphADC1.minTacq" value=""/>
        <property key="periphADC1.tacqunits" value="microseconds"/>
        <property key="periphADC2.altscl" value="false"/>
        <property key="periphADC2.minTacq" value=""/>
        <property key="periphADC2.tacqunits" value="microseconds"/>
        <property key="periphComp1.gte" value="gt"/>
        <property key="periphComp2.gte" value="gt"/>
        <property key="periphComp3.gte" value="gt"/>
        <property key="periphComp4.gte" value="gt"/>
        <property key="periphComp5.gte" value="gt"/>
        <property key="periphComp6.gte" value="gt"/>
        <property key="tracecontrol.include.timestamp" value="false"/>
        <property key="tracecontrol.select" value="0"/>
        <property key="tracecontrol.stallontracebufferfull" value="false"/>
        <property key="tracecontrol.timestamp" value="0"/>
        <property key="tracecontrol.tracebufmax" value="546000"/>
        <property key="tracecontrol.tracefile" value="defmplabxtrace.log"/>
        <property key="tracecontrol.traceresetonrun" value="false"/>
        <property key="uart10io.output" value="window"/>
        <property key="uart10io.outputfile" value=""/>
        <property key="uart10io.uartioenabled" value="false"/>
        <property key="uart1io.output" value="window"/>
        <property key="uart1io.outputfile" value=""/>
        <property key="uart1io.uartioenabled" value="false"/>
        <property key="uart2io.output" value="window"/>
        <property key="uart2io.outputfile" value=""/>
        <property key="uart2io.uartioenabled" value="false"/>
        <property key="uart3io.output" value="window"/>
        <property key="uart3io.outputfile" value=""/>
        <property key="uart3io.uartioenabled" value="false"/>
        <property key="uart4io.output" value="window"/>
        <property key="uart4io.outputfile" value=""/>
        <property key="uart4io.uartioenabled" value="false"/>
        <property key="uart5io.output" value="window"/>
        <property key="uart5io.outputfile" value=""/>
        <property key="uart5io.uartioenabled" value="false"/>
        <property key="uart6io.output" value="window"/>
        <property key="uart6io.outputfile" value=""/>
        <property key="uart6io.uartioenabled" value="false"/>
        <property key="uart7io.output" value="window"/>
        <property key="uart7io.outputfile" value=""/>
        <property key="uart7io.uartioenabled" value="false"/>
        <property key="uart8io.output" value="window"/>
        <property key="uart8io.outputfile" value=""/>
        <property key="uart8io.uartioenabled" value="false"/>
        <property key="uart9io.output" value="window"/>
        <property key="uart9io.outputfile" value=""/>
        <property key="uart9io.uartioenabled" value="false"/>
        <property key="warningmessagebreakoptions.W0001_CORE_BITREV_MODULO_EN"
                  value="report"/>
        <property key="warningmessagebreakoptions.W0002_CORE_SECURE_MEMORYACCESS"
                  value="report"/>
        <property key="warningmessagebreakoptions.W0003_CORE_SW_RESET" value="report"/>
        <property key="warningmessagebreakoptions.W0004_CORE_WDT_RESET" value="report"/>
        <property key="warningmessagebreakoptions.W0005_CORE_IOPUW_RESET"
                  value="report"/>
        <property key="warningmessagebreakoptions.W0006_CORE_CODE_GUARD_PFC_RESET"
                  value="report"/>
        <property key="warningmessagebreakoptions.W0007_CORE_DO_LOOP_STACK_UNDERFLOW"
                  value="report"/>
        <property key="warningmessagebreakoptions.W0008_CORE_DO_LOOP_STACK_OVERFLOW"
                  value="report"/>
        <property key="warningmessagebreakoptions.W0009_CORE_NESTED_DO_LOOP_RANGE"
                  value="report"/>
        <property key="warningmessagebreakoptions.W0010_CORE_SIM32_ODD_WORDACCESS"
                  value="report"/>
        <property key="warningmessagebreakoptions.W0011_CORE_SIM32_UNIMPLEMENTED_RAMACCESS"
                  value="report"/>
        <property key="warningmessagebreakoptions.W0012_CORE_STACK_OVERFLOW_RESET"
                  value="report"/>
        <property key="warningmessagebreakoptions.W0013_CORE_STACK_UNDERFLOW_RESET"
                  value="report"/>
        <property key="warningmessagebreakoptions.W0014_CORE_STACK_OVERFLOW"
                  value="report"/>
        <property key="warningmessagebreakoptions.W0015_CORE_STACK_UNDERFLOW"
                  value="report"/>
        <property key="warningmessagebreakoptions.W0101_SIM_UPDATE_FAILED"
                  value="report"/>
        <property key="warningmessagebreakoptions.W0102_SIM_PERIPH_MISSING"
                  value="report"/>
        <property key="warningmessagebreakoptions.W0103_SIM_PERIPH_FAILED"
                  value="report"/>
        <property key="warningmessagebreakoptions.W0104_SIM_FAILED_TO_INIT_TOOL"
                  value="report"/>
        <property key="warningmessagebreakoptions.W0201_ADC_NO_STIMULUS_FILE"
                  value="report"/>
        <property key="warningmessagebreakoptions.W0202_ADC_GO_DONE_BIT" value="report"/>
        <property key="warningmessagebreakoptions.W0203_ADC_MINIMUM_2_TAD"
                  value="report"/>
        <property key="warningmessagebreakoptions.W0204_ADC_TAD_TOO_SMALL"
                  value="report"/>
        <property key="warningmessagebreakoptions.W0205_ADC_UNEXPECTED_TRANSITION"
                  value="report"/>
        <property key="warningmessagebreakoptions.W0206_ADC_SAMP_TIME_TOO_SHORT"
                  value="report"/>
        <property key="warningmessagebreakoptions.W0207_ADC_NO_PINS_SCANNED"
                  value="report"/>
        <property key="warningmessagebreakoptions.W0208_ADC_UNSUPPORTED_CLOCK_SOURCE"
                  value="report"/>
        <property key="warningmessagebreakoptions.W0209_ADC_ANALOG_CHANNEL_DIGITAL"
                  value="report"/>
        <property key="warningmessagebreakoptions.W0210_ADC_ANALOG_CHANNEL_OUTPUT"
                  value="report"/>
        <property key="warningmessagebreakoptions.W0211_ADC_PIN_INVALID_CHANNEL"
                  value="report"/>
        <property key="warningmessagebreakoptions.W0212_ADC_BAND_GAP_NOT_SUPPORTED"
                  value="report"/>
        <property key="warningmessagebreakoptions.W0213_ADC_RESERVED_SSRC"
                  value="report"/>
        <property key="warningmessagebreakoptions.W0214_ADC_POSITIVE_INPUT_DIGITAL"
                  value="report"/>
        <property key="warningmessagebreakoptions.W0215_ADC_POSITIVE_INPUT_OUTPUT"
                  value="report"/>
        <property key="warningmessagebreakoptions.W0216_ADC_NEGATIVE_INPUT_DIGITAL"
                  value="report"/>
        <property key="warningmessagebreakoptions.W0217_ADC_NEGATIVE_INPUT_OUTPUT"
                  value="report"/>
        <property key="warningmessagebreakoptions.W0218_ADC_REFERENCE_HIGH_DIGITAL"
                  value="report"/>
        <property key="warningmessagebreakoptions.W0219_ADC_REFERENCE_HIGH_OUTPUT"
                  value="report"/>
        <property key="warningmessagebreakoptions.W0220_ADC_REFERENCE_LOW_DIGITAL"
                  value="report"/>
        <property key="warningmessagebreakoptions.W0221_ADC_REFERENCE_LOW_OUTPUT"
                  value="report"/>
        <property key="warningmessagebreakoptions.W0222_ADC_OVERFLOW" value="report"/>
        <property key="warningmessagebreakoptions.W0223_ADC_UNDERFLOW" value="report"/>
        <property key="warningmessagebreakoptions.W0224_ADC_CTMU_NOT_SUPPORTED"
                  value="report"/>
        <property key="warningmessagebreakoptions.W0225_ADC_INVALID_CH0S"
                  value="report"/>
        <property key="warningmessagebreakoptions.W0226_ADC_VBAT_NOT_SUPPORTED"
                  value="report"/>
        <property key="warningmessagebreakoptions.W0227_ADC_INVALID_ADCS"
                  value="report"/>
        <property key="warningmessagebreakoptions.W1201_DATAFLASH_MEM_OUTSIDE_RANGE"
                  value="report"/>
        <property key="warningmessagebreakoptions.W1202_DATAFLASH_ERASE_WHILE_LOCKED"
                  value="report"/>
        <property key="warningmessagebreakoptions.W1203_DATAFLASH_WRITE_WHILE_LOCKED"
                  value="report"/>
        <property key="warningmessagebreakoptions.W1401_DMA_PERIPH_NOT_AVAIL"
                  value="report"/>
        <property key="warningmessagebreakoptions.W1402_DMA_INVALID_IRQ" value="report"/>
        <property key="warningmessagebreakoptions.W1403_DMA_INVALID_SFR" value="report"/>
        <property key="warningmessagebreakoptions.W1404_DMA_INVALID_DMA_ADDR"
                  value="report"/>
        <property key="warningmessagebreakoptions.W1405_DMA_IRQ_DIR_MISMATCH"
                  value="report"/>
        <property key="warningmessagebreakoptions.W2001_INPUTCAPTURE_TMR3_UNAVAILABLE"
                  value="report"/>
        <property key="warningmessagebreakoptions.W2002_INPUTCAPTURE_CAPTURE_EMPTY"
                  value="report"/>
        <property key="warningmessagebreakoptions.W9001_TMR_GATE_AND_EXTCLOCK_ENABLED"
                  value="report"/>
        <property key="warningmessagebreakoptions.W9002_TMR_NO_PIN_AVAILABLE"
                  value="report"/>
        <property key="warningmessagebreakoptions.W9003_TMR_INVALID_CLOCK_SOURCE"
                  value="report"/>
        <property key="warningmessagebreakoptions.W9201_UART_TX_OVERFLOW"
                  value="report"/>
        <property key="warningmessagebreakoptions.W9202_UART_TX_CAPTUREFILE"
                  value="report"/>
        <property key="warningmessagebreakoptions.W9203_UART_TX_INVALIDINTERRUPTMODE"
                  value="report"/>
        <property key="warningmessagebreakoptions.W9204_UART_RX_EMPTY_QUEUE"
                  value="report"/>
        <property key="warningmessagebreakoptions.W9205_UART_TX_BADFILE" value="report"/>
        <property key="warningmessagebreakoptions.W9801_SCL_BAD_SUBTYPE_INDICATION"
                  value="report"/>
        <property key="warningmessagebreakoptions.W9802_SCL_FILE_NOT_FOUND"
                  value="report"/>
        <property key="warningmessagebreakoptions.W9803_SCL_FAILED_TO_READ_FILE"
                  value="report"/>
        <property key="warningmessagebreakoptions.W9804_SCL_UNRECOGNIZED_LABEL"
                  value="report"/>
        <property key="warningmessagebreakoptions.W9805_SCL_UNRECOGNIZED_VAR"
                  value="report"/>
        <property key="warningmessagebreakoptions.displaywarningmessagesoption"
                  value=""/>
        <property key="warningmessagebreakoptions.warningmessages" value="holdstate"/>
      </Simulator>
      <XC8-config-global>
        <property key="advanced-elf" value="true"/>
        <property key="output-file-format" value="-mcof,+elf"/>
        <property key="stack-size-high" value="auto"/>
        <property key="stack-size-low" value="auto"/>
        <property key="stack-size-main" value="auto"/>
        <property key="stack-type" value="compiled"/>
      </XC8-config-global>
    </conf>
    <conf name="Offset" type="2">
      <toolsSet>
        <developmentServer>localhost</developmentServer>
        <targetDevice>PIC18LF25K50</targetDevice>
        <targetHeader></targetHeader>
        <targetPluginBoard></targetPluginBoard>
        <platformTool>PICkit3PlatformTool</platformTool>
        <languageToolchain>XC8</languageToolchain>
        <languageToolchainVersion>1.20</languageToolchainVersion>
        <platform>4</platform>
      </toolsSet>
      <compileType>
        <linkerTool>
          <linkerLibItems>
          </linkerLibItems>
        </linkerTool>
        <archiverTool>
        </archiverTool>
        <loading>
          <useAlternateLoadableFile>false</useAlternateLoadableFile>
          <parseOnProdLoad>false</parseOnProdLoad>
          <alternateLoadableFile></alternateLoadableFile>
        </loading>
      </compileType>
      <makeCustomizationType>
        <makeCustomizationPreStepEnabled>false</makeCustomizationPreStepEnabled>
        <makeCustomizationPreStep></makeCustomizationPreStep>
        <makeCustomizationPostStepEnabled>false</makeCustomizationPostStepEnabled>
        <makeCustomizationPostStep></makeCustomizationPostStep>
        <makeCustomizationPutChecksumInUserID>false</makeCustomizationPutChecksumInUserID>
        <makeCustomizationEnableLongLines>false</makeCustomizationEnableLongLines>
        <makeCustomizationNormalizeHexFile>false</makeCustomizationNormalizeHexFile>
      </makeCustomizationType>
      <HI-TECH-COMP>
        <property key="asmlist" value="true"/>
        <property key="define-macros" value=""/>
        <property key="extra-include-directories"
                  value="..\Includes\Drivers;..\Includes\Board;..\Includes\MccGenerated;..\Includes\Usb;..\Includes\Usb\Framework"/>
        <property key="identifier-length" value="255"/>
        <property key="operation-mode" value="pro"/>
        <property key="opt-xc8-compiler-strict_ansi" value="false"/>
        <property key="optimization-assembler" value="true"/>
        <property key="optimization-assembler-files" value="false"/>
        <property key="optimization-debug" value="false"/>
        <property key="optimization-global" value="true"/>
        <property key="optimization-invariant-enable" value="false"/>
        <property key="optimization-invariant-value" value="16"/>
        <property key="optimization-level" value="9"/>
        <property key="optimization-set" value="default"/>
        <property key="optimization-speed" value="true"/>
        <property key="preprocess-assembler" value="true"/>
        <property key="undefine-macros" value=""/>
        <property key="use-cci" value="false"/>
        <property key="use-iar" value="false"/>
        <property key="verbose" value="false"/>
        <property key="warning-level" value="0"/>
        <property key="what-to-do" value="ignore"/>
      </HI-TECH-COMP>
      <HI-TECH-LINK>
        <property key="additional-options-checksum" value=""/>
        <property key="additional-options-code-offset" value="1000"/>
        <property key="additional-options-command-line" value=""/>
        <property key="additional-options-errata" value=""/>
        <property key="additional-options-extend-address" value="false"/>
        <property key="additional-options-trace-type" value=""/>
        <property key="additional-options-use-response-files" value="false"/>
        <property key="backup-reset-condition-flags" value="false"/>
        <property key="calibrate-oscillator" value="true"/>
        <property key="calibrate-oscillator-value" value=""/>
        <property key="clear-bss" value="true"/>
        <property key="code-model-external" value="wordwrite"/>
        <property key="code-model-rom" value="default,-0-FFF,-1006-1007,-1016-1017"/>
        <property key="create-html-files" value="false"/>
        <property key="data-model-ram" value=""/>
        <property key="data-model-size-of-double" value="32"/>
        <property key="data-model-size-of-float" value="32"/>
        <property key="display-class-usage" value="false"/>
        <property key="display-hex-usage" value="false"/>
        <property key="display-overall-usage" value="true"/>
        <property key="display-psect-usage" value="false"/>
        <property key="fill-flash-options-addr" value=""/>
        <property key="fill-flash-options-const" value=""/>
        <property key="fill-flash-options-how" value="0"/>
        <property key="fill-flash-options-inc-const" value="1"/>
        <property key="fill-flash-options-increment" value=""/>
        <property key="fill-flash-options-seq" value=""/>
        <property key="fill-flash-options-what" value="0"/>
        <property key="format-hex-file-for-download" value="false"/>
        <property key="initialize-data" value="true"/>
        <property key="keep-generated-startup.as" value="false"/>
        <property key="link-in-c-library" value="true"/>
        <property key="link-in-peripheral-library" value="true"/>
        <property key="managed-stack" value="false"/>
        <property key="opt-xc8-linker-file" value="false"/>
        <property key="opt-xc8-linker-link_startup" value="false"/>
        <property key="opt-xc8-linker-serial" value=""/>
        <property key="program-the-device-with-default-config-words" value="true"/>
      </HI-TECH-LINK>
      <PICkit3PlatformTool>
        <property key="AutoSelectMemRanges" value="auto"/>
        <property key="Freeze Peripherals" value="true"/>
        <property key="SecureSegment.SegmentProgramming" value="FullChipProgramming"/>
        <property key="ToolFirmwareFilePath"
                  value="Press to browse for a specific firmware version"/>
        <property key="ToolFirmwareOption.UseLatestFirmware" value="true"/>
        <property key="hwtoolclock.frcindebug" value="false"/>
        <property key="memories.aux" value="false"/>
        <property key="memories.bootflash" value="true"/>
        <property key="memories.configurationmemory" value="true"/>
        <property key="memories.configurationmemory2" value="true"/>
        <property key="memories.dataflash" value="true"/>
        <property key="memories.eeprom" value="true"/>
        <property key="memories.flashdata" value="true"/>
        <property key="memories.id" value="true"/>
        <property key="memories.programmemory" value="true"/>
        <property key="memories.programmemory.end" value="0x7fff"/>
        <property key="memories.programmemory.partition2" value="true"/>
        <property key="memories.programmemory.partition2.end"
                  value="${memories.programmemory.partition2.end.value}"/>
        <property key="memories.programmemory.partition2.start"
                  value="${memories.programmemory.partition2.start.value}"/>
        <property key="memories.programmemory.start" value="0x0"/>
        <property key="poweroptions.powerenable" value="false"/>
        <property key="programmertogo.imagename" value=""/>
        <property key="programoptions.donoteraseauxmem" value="false"/>
        <property key="programoptions.eraseb4program" value="true"/>
        <property key="programoptions.pgmspeed" value="2"/>
        <property key="programoptions.preservedataflash" value="false"/>
        <property key="programoptions.preserveeeprom" value="false"/>
        <property key="programoptions.preserveprogramrange" value="false"/>
        <property key="programoptions.preserveprogramrange.end" value="0x7fff"/>
        <property key="programoptions.preserveprogramrange.start" value="0x0"/>
        <property key="programoptions.preserveuserid" value="false"/>
        <property key="programoptions.programcalmem" value="false"/>
        <property key="programoptions.programuserotp" value="false"/>
        <property key="programoptions.testmodeentrymethod" value="VPPFirst"/>
        <property key="programoptions.usehighvoltageonmclr" value="false"/>
        <property key="programoptions.uselvpprogramming" value="false"/>
        <property key="voltagevalue" value="3.25"/>
      </PICkit3PlatformTool>
      <Simulator>
        <property key="codecoverage.enabled" value="Disable"/>
        <property key="codecoverage.enableoutputtofile" value="false"/>
        <property key="codecoverage.outputfile" value=""/>
        <property key="oscillator.auxfrequency" value="120"/>
        <property key="oscillator.auxfrequencyunit" value="Mega"/>
        <property key="oscillator.frequency" value="1"/>
        <property key="oscillator.frequencyunit" value="Mega"/>
        <property key="oscillator.rcfrequency" value="250"/>
        <property key="oscillator.rcfrequencyunit" value="Kilo"/>
        <property key="performancedata.show" value="false"/>
        <property key="periphADC1.altscl" value="false"/>
        <property key="periphADC1.minTacq" value=""/>
        <property key="periphADC1.tacqunits" value="microseconds"/>
        <property key="periphADC2.altscl" value="false"/>
        <property key="periphADC2.minTacq" value=""/>
        <property key="periphADC2.tacqunits" value="microseconds"/>
        <property key="periphComp1.gte" value="gt"/>
        <property key="periphComp2.gte" value="gt"/>
        <property key="periphComp3.gte" value="gt"/>
        <property key="periphComp4.gte" value="gt"/>
        <property key="periphComp5.gte" value="gt"/>
        <property key="periphComp6.gte" value="gt"/>
        <property key="tracecontrol.include.timestamp" value="false"/>
        <property key="tracecontrol.select" value="0"/>
        <property key="tracecontrol.stallontracebufferfull" value="false"/>
        <property key="tracecontrol.timestamp" value="0"/>
        <property key="tracecontrol.tracebufmax" value="546000"/>
        <property key="tracecontrol.tracefile" value="defmplabxtrace.log"/>
        <property key="tracecontrol.traceresetonrun" value="false"/>
        <property key="uart10io.output" value="window"/>
        <property key="uart10io.outputfile" value=""/>
        <property key="uart10io.uartioenabled" value="false"/>
        <property key="uart1io.output" value="window"/>
        <property key="uart1io.outputfile" value=""/>
        <property key="uart1io.uartioenabled" value="false"/>
        <property key="uart2io.output" value="window"/>
        <property key="uart2io.outputfile" value=""/>
        <property key="uart2io.uartioenabled" value="false"/>
        <property key="uart3io.output" value="window"/>
        <property key="uart3io.outputfile" value=""/>
        <property key="uart3io.uartioenabled" value="false"/>
        <property key="uart4io.output" value="window"/>
        <property key="uart4io.outputfile" value=""/>
        <property key="uart4io.uartioenabled" value="false"/>
        <property key="uart5io.output" value="window"/>
        <property key="uart5io.outputfile" value=""/>
        <property key="uart5io.uartioenabled" value="false"/>
        <property key="uart6io.output" value="window"/>
        <property key="uart6io.outputfile" value=""/>
        <property key="uart6io.uartioenabled" value="false"/>
        <property key="uart7io.output" value="window"/>
        <property key="uart7io.outputfile" value=""/>
        <property key="uart7io.uartioenabled" value="false"/>
        <property key="uart8io.output" value="window"/>
        <property key="uart8io.outputfile" value=""/>
        <property key="uart8io.uartioenabled" value="false"/>
        <property key="uart9io.output" value="window"/>
        <property key="uart9io.outputfile" value=""/>
        <property key="uart9io.uartioenabled" value="false"/>
        <property key="warningmessagebreakoptions.W0001_CORE_BITREV_MODULO_EN"
                  value="report"/>
        <property key="warningmessagebreakoptions.W0002_CORE_SECURE_MEMORYACCESS"
                  value="report"/>
        <property key="warningmessagebreakoptions.W0003_CORE_SW_RESET" value="report"/>
        <property key="warningmessagebreakoptions.W0004_CORE_WDT_RESET" value="report"/>
        <property key="warningmessagebreakoptions.W0005_CORE_IOPUW_RESET"
                  value="report"/>
        <property key="warningmessagebreakoptions.W0006_CORE_CODE_GUARD_PFC_RESET"
                  value="report"/>
        <property key="warningmessagebreakoptions.W0007_CORE_DO_LOOP_STACK_UNDERFLOW"
                  value="report"/>
        <property key="warningmessagebreakoptions.W0008_CORE_DO_LOOP_STACK_OVERFLOW"
                  value="report"/>
        <property key="warningmessagebreakoptions.W0009_CORE_NESTED_DO_LOOP_RANGE"
                  value="report"/>
        <property key="warningmessagebreakoptions.W0010_CORE_SIM32_ODD_WORDACCESS"
                  value="report"/>
        <property key="warningmessagebreakoptions.W0011_CORE_SIM32_UNIMPLEMENTED_RAMACCESS"
                  value="report"/>
        <property key="warningmessagebreakoptions.W0012_CORE_STACK_OVERFLOW_RESET"
                  value="report"/>
        <property key="warningmessagebreakoptions.W0013_CORE_STACK_UNDERFLOW_RESET"
                  value="report"/>
        <property key="warningmessagebreakoptions.W0014_CORE_STACK_OVERFLOW"
                  value="report"/>
        <property key="warningmessagebreakoptions.W0015_CORE_STACK_UNDERFLOW"
                  value="report"/>
        <property key="warningmessagebreakoptions.W0101_SIM_UPDATE_FAILED"
                  value="report"/>
        <property key="warningmessagebreakoptions.W0102_SIM_PERIPH_MISSING"
                  value="report"/>
        <property key="warningmessagebreakoptions.W0103_SIM_PERIPH_FAILED"
                  value="report"/>
        <property key="warningmessagebreakoptions.W0104_SIM_FAILED_TO_INIT_TOOL"
                  value="report"/>
        <property key="warningmessagebreakoptions.W0201_ADC_NO_STIMULUS_FILE"
                  value="report"/>
        <property key="warningmessagebreakoptions.W0202_ADC_GO_DONE_BIT" value="report"/>
        <property key="warningmessagebreakoptions.W0203_ADC_MINIMUM_2_TAD"
                  value="report"/>
        <property key="warningmessagebreakoptions.W0204_ADC_TAD_TOO_SMALL"
                  value="report"/>
        <property key="warningmessagebreakoptions.W0205_ADC_UNEXPECTED_TRANSITION"
                  value="report"/>
        <property key="warningmessagebreakoptions.W0206_ADC_SAMP_TIME_TOO_SHORT"
                  value="report"/>
        <property key="warningmessagebreakoptions.W0207_ADC_NO_PINS_SCANNED"
                  value="report"/>
        <property key="warningmessagebreakoptions.W0208_ADC_UNSUPPORTED_CLOCK_SOURCE"
                  value="report"/>
        <property key="warningmessagebreakoptions.W0209_ADC_ANALOG_CHANNEL_DIGITAL"
                  value="report"/>
        <property key="warningmessagebreakoptions.W0210_ADC_ANALOG_CHANNEL_OUTPUT"
                  value="report"/>
        <property key="warningmessagebreakoptions.W0211_ADC_PIN_INVALID_CHANNEL"
                  value="report"/>
        <property key="warningmessagebreakoptions.W0212_ADC_BAND_GAP_NOT_SUPPORTED"
                  value="report"/>
        <property key="warningmessagebreakoptions.W0213_ADC_RESERVED_SSRC"
                  value="report"/>
        <property key="warningmessagebreakoptions.W0214_ADC_POSITIVE_INPUT_DIGITAL"
                  value="report"/>
        <property key="warningmessagebreakoptions.W0215_ADC_POSITIVE_INPUT_OUTPUT"
                  value="report"/>
        <property key="warningmessagebreakoptions.W0216_ADC_NEGATIVE_INPUT_DIGITAL"
                  value="report"/>
        <property key="warningmessagebreakoptions.W0217_ADC_NEGATIVE_INPUT_OUTPUT"
                  value="report"/>
        <property key="warningmessagebreakoptions.W0218_ADC_REFERENCE_HIGH_DIGITAL"
                  value="report"/>
        <property key="warningmessagebreakoptions.W0219_ADC_REFERENCE_HIGH_OUTPUT"
                  value="report"/>
        <property key="warningmessagebreakoptions.W0220_ADC_REFERENCE_LOW_DIGITAL"
                  value="report"/>
        <property key="warningmessagebreakoptions.W0221_ADC_REFERENCE_LOW_OUTPUT"
                  value="report"/>
        <property key="warningmessagebreakoptions.W0222_ADC_OVERFLOW" value="report"/>
        <property key="warningmessagebreakoptions.W0223_ADC_UNDERFLOW" value="report"/>
        <property key="warningmessagebreakoptions.W0224_ADC_CTMU_NOT_SUPPORTED"
                  value="report"/>
        <property key="warningmessagebreakoptions.W0225_ADC_INVALID_CH0S"
                  value="report"/>
        <property key="warningmessagebreakoptions.W0226_ADC_VBAT_NOT_SUPPORTED"
                  value="report"/>
        <property key="warningmessagebreakoptions.W0227_ADC_INVALID_ADCS"
                  value="report"/>
        <property key="warningmessagebreakoptions.W1201_DATAFLASH_MEM_OUTSIDE_RANGE"
                  value="report"/>
        <property key="warningmessagebreakoptions.W1202_DATAFLASH_ERASE_WHILE_LOCKED"
                  value="report"/>
        <property key="warningmessagebreakoptions.W1203_DATAFLASH_WRITE_WHILE_LOCKED"
                  value="report"/>
        <property key="warningmessagebreakoptions.W1401_DMA_PERIPH_NOT_AVAIL"
                  value="report"/>
        <property key="warningmessagebreakoptions.W1402_DMA_INVALID_IRQ" value="report"/>
        <property key="warningmessagebreakoptions.W1403_DMA_INVALID_SFR" value="report"/>
        <property key="warningmessagebreakoptions.W1404_DMA_INVALID_DMA_ADDR"
                  value="report"/>
        <property key="warningmessagebreakoptions.W1405_DMA_IRQ_DIR_MISMATCH"
                  value="report"/>
        <property key="warningmessagebreakoptions.W2001_INPUTCAPTURE_TMR3_UNAVAILABLE"
                  value="report"/>
        <property key="warningmessagebreakoptions.W2002_INPUTCAPTURE_CAPTURE_EMPTY"
                  value="report"/>
        <property key="warningmessagebreakoptions.W9001_TMR_GATE_AND_EXTCLOCK_ENABLED"
                  value="report"/>
        <property key="warningmessagebreakoptions.W9002_TMR_NO_PIN_AVAILABLE"
                  value="report"/>
        <property key="warningmessagebreakoptions.W9003_TMR_INVALID_CLOCK_SOURCE"
                  value="report"/>
        <property key="warningmessagebreakoptions.W9201_UART_TX_OVERFLOW"
                  value="report"/>
        <property key="warningmessagebreakoptions.W9202_UART_TX_CAPTUREFILE"
                  value="report"/>
        <property key="warningmessagebreakoptions.W9203_UART_TX_INVALIDINTERRUPTMODE"
                  value="report"/>
        <property key="warningmessagebreakoptions.W9204_UART_RX_EMPTY_QUEUE"
                  value="report"/>
        <property key="warningmessagebreakoptions.W9205_UART_TX_BADFILE" value="report"/>
        <property key="warningmessagebreakoptions.W9801_SCL_BAD_SUBTYPE_INDICATION"
                  value="report"/>
        <property key="warningmessagebreakoptions.W9802_SCL_FILE_NOT_FOUND"
                  value="report"/>
        <property key="warningmessagebreakoptions.W9803_SCL_FAILED_TO_READ_FILE"
                  value="report"/>
        <property key="warningmessagebreakoptions.W9804_SCL_UNRECOGNIZED_LABEL"
                  value="report"/>
        <property key="warningmessagebreakoptions.W9805_SCL_UNRECOGNIZED_VAR"
                  value="report"/>
        <property key="warningmessagebreakoptions.displaywarningmessagesoption"
                  value=""/>
        <property key="warningmessagebreakoptions.warningmessages" value="holdstate"/>
      </Simulator>
      <XC8-config-global>
        <property key="advanced-elf" value="true"/>
        <property key="output-file-format" value="-mcof,+elf"/>
        <property key="stack-size-high" value="auto"/>
        <property key="stack-size-low" value="auto"/>
        <property key="stack-size-main" value="auto"/>
        <property key="stack-type" value="compiled"/>
      </XC8-config-global>
    </conf>
    <conf name="Combined" type="2">
      <toolsSet>
        <developmentServer>localhost</developmentServer>
        <targetDevice>PIC18LF25K50</targetDevice>
        <targetHeader></targetHeader>
        <targetPluginBoard></targetPluginBoard>
        <platformTool>PICkit3PlatformTool</platformTool>
        <languageToolchain>XC8</languageToolchain>
        <languageToolchainVersion>1.20</languageToolchainVersion>
        <platform>4</platform>
      </toolsSet>
      <compileType>
        <linkerTool>
          <linkerLibItems>
          </linkerLibItems>
        </linkerTool>
        <archiverTool>
        </archiverTool>
        <loading>
          <makeArtifact PL="../HidBootLoader/MPLAB.X"
                        CT="1"
                        CN="PIC18LF25K50_XC8"
                        AC="true"
                        BL="true"
                        WD="../HidBootLoader/MPLAB.X"
                        BC="${MAKE}  -f Makefile CONF=PIC18LF25K50_XC8"
                        DBC="${MAKE}  -f Makefile CONF=PIC18LF25K50_XC8 TYPE_IMAGE=DEBUG_RUN"
                        CC="rm -rf &quot;build/PIC18LF25K50_XC8&quot; &quot;dist/PIC18LF25K50_XC8&quot;"
                        OP="dist/PIC18LF25K50_XC8/production/MPLAB.X.production.hex"
                        DOP="dist/PIC18LF25K50_XC8/debug/MPLAB.X.debug.elf"
                        FL="dist/PIC18LF25K50_XC8/production/MPLAB.X.production.hex"
                        PD="dist/PIC18LF25K50_XC8/production/MPLAB.X.production.elf"
                        DD="dist/PIC18LF25K50_XC8/debug/MPLAB.X.debug.elf">
          </makeArtifact>
          <useAlternateLoadableFile>false</useAlternateLoadableFile>
          <parseOnProdLoad>false</parseOnProdLoad>
          <alternateLoadableFile></alternateLoadableFile>
        </loading>
      </compileType>
      <makeCustomizationType>
        <makeCustomizationPreStepEnabled>false</makeCustomizationPreStepEnabled>
        <makeCustomizationPreStep></makeCustomizationPreStep>
        <makeCustomizationPostStepEnabled>false</makeCustomizationPostStepEnabled>
        <makeCustomizationPostStep></makeCustomizationPostStep>
        <makeCustomizationPutChecksumInUserID>false</makeCustomizationPutChecksumInUserID>
        <makeCustomizationEnableLongLines>false</makeCustomizationEnableLongLines>
        <makeCustomizationNormalizeHexFile>false</makeCustomizationNormalizeHexFile>
      </makeCustomizationType>
      <HI-TECH-COMP>
        <property key="asmlist" value="true"/>
        <property key="define-macros" value=""/>
        <property key="extra-include-directories"
                  value="..\Includes\MccGenerated;..\Includes\Drivers;..\Includes\Board;..\Includes\Usb;..\Includes\Usb\Framework"/>
        <property key="identifier-length" value="255"/>
        <property key="operation-mode" value="pro"/>
        <property key="opt-xc8-compiler-strict_ansi" value="false"/>
        <property key="optimization-assembler" value="true"/>
        <property key="optimization-assembler-files" value="false"/>
        <property key="optimization-debug" value="false"/>
        <property key="optimization-global" value="true"/>
        <property key="optimization-invariant-enable" value="false"/>
        <property key="optimization-invariant-value" value="16"/>
        <property key="optimization-level" value="9"/>
        <property key="optimization-set" value="default"/>
        <property key="optimization-speed" value="true"/>
        <property key="preprocess-assembler" value="true"/>
        <property key="undefine-macros" value=""/>
        <property key="use-cci" value="false"/>
        <property key="use-iar" value="false"/>
        <property key="verbose" value="false"/>
        <property key="warning-level" value="0"/>
        <property key="what-to-do" value="ignore"/>
      </HI-TECH-COMP>
      <HI-TECH-LINK>
        <property key="additional-options-checksum" value=""/>
        <property key="additional-options-code-offset" value="1000"/>
        <property key="additional-options-command-line" value=""/>
        <property key="additional-options-errata" value=""/>
        <property key="additional-options-extend-address" value="false"/>
        <property key="additional-options-trace-type" value=""/>
        <property key="additional-options-use-response-files" value="false"/>
        <property key="backup-reset-condition-flags" value="false"/>
        <property key="calibrate-oscillator" value="true"/>
        <property key="calibrate-oscillator-value" value=""/>
        <property key="clear-bss" value="true"/>
        <property key="code-model-external" value="wordwrite"/>
        <property key="code-model-rom" value="default,-0-FFF,-1006-1007,-1016-1017"/>
        <property key="create-html-files" value="false"/>
        <property key="data-model-ram" value=""/>
        <property key="data-model-size-of-double" value="32"/>
        <property key="data-model-size-of-float" value="32"/>
        <property key="display-class-usage" value="false"/>
        <property key="display-hex-usage" value="false"/>
        <property key="display-overall-usage" value="true"/>
        <property key="display-psect-usage" value="false"/>
        <property key="fill-flash-options-addr" value=""/>
        <property key="fill-flash-options-const" value=""/>
        <property key="fill-flash-options-how" value="0"/>
        <property key="fill-flash-options-inc-const" value="1"/>
        <property key="fill-flash-options-increment" value=""/>
        <property key="fill-flash-options-seq" value=""/>
        <property key="fill-flash-options-what" value="0"/>
        <property key="format-hex-file-for-download" value="false"/>
        <property key="initialize-data" value="true"/>
        <property key="keep-generated-startup.as" value="false"/>
        <property key="link-in-c-library" value="true"/>
        <property key="link-in-peripheral-library" value="true"/>
        <property key="managed-stack" value="false"/>
        <property key="opt-xc8-linker-file" value="false"/>
        <property key="opt-xc8-linker-link_startup" value="false"/>
        <property key="opt-xc8-linker-serial" value=""/>
        <property key="program-the-device-with-default-config-words" value="true"/>
      </HI-TECH-LINK>
      <PICkit3PlatformTool>
        <property key="AutoSelectMemRanges" value="auto"/>
        <property key="Freeze Peripherals" value="true"/>
        <property key="SecureSegment.SegmentProgramming" value="FullChipProgramming"/>
        <property key="ToolFirmwareFilePath"
                  value="Press to browse for a specific firmware version"/>
        <property key="ToolFirmwareOption.UseLatestFirmware" value="true"/>
        <property key="hwtoolclock.frcindebug" value="false"/>
        <property key="memories.aux" value="false"/>
        <property key="memories.bootflash" value="true"/>
        <property key="memories.configurationmemory" value="true"/>
        <property key="memories.configurationmemory2" value="true"/>
        <property key="memories.dataflash" value="true"/>
        <property key="memories.eeprom" value="true"/>
        <property key="memories.flashdata" value="true"/>
        <property key="memories.id" value="true"/>
        <property key="memories.programmemory" value="true"/>
        <property key="memories.programmemory.end" value="0x7fff"/>
        <property key="memories.programmemory.partition2" value="true"/>
        <property key="memories.programmemory.partition2.end"
                  value="${memories.programmemory.partition2.end.value}"/>
        <property key="memories.programmemory.partition2.start"
                  value="${memories.programmemory.partition2.start.value}"/>
        <property key="memories.programmemory.start" value="0x0"/>
        <property key="poweroptions.powerenable" value="true"/>
        <property key="programmertogo.imagename" value=""/>
        <property key="programoptions.donoteraseauxmem" value="false"/>
        <property key="programoptions.eraseb4program" value="true"/>
        <property key="programoptions.pgmspeed" value="2"/>
        <property key="programoptions.preservedataflash" value="false"/>
        <property key="programoptions.preserveeeprom" value="false"/>
        <property key="programoptions.preserveprogramrange" value="false"/>
        <property key="programoptions.preserveprogramrange.end" value="0x7fff"/>
        <property key="programoptions.preserveprogramrange.start" value="0x0"/>
        <property key="programoptions.preserveuserid" value="false"/>
        <property key="programoptions.programcalmem" value="false"/>
        <property key="programoptions.programuserotp" value="false"/>
        <property key="programoptions.testmodeentrymethod" value="VPPFirst"/>
        <property key="programoptions.usehighvoltageonmclr" value="false"/>
        <property key="programoptions.uselvpprogramming" value="false"/>
        <property key="voltagevalue" value="3.25"/>
      </PICkit3PlatformTool>
      <Simulator>
        <property key="codecoverage.enabled" value="Disable"/>
        <property key="codecoverage.enableoutputtofile" value="false"/>
        <property key="codecoverage.outputfile" value=""/>
        <property key="oscillator.auxfrequency" value="120"/>
        <property key="oscillator.auxfrequencyunit" value="Mega"/>
        <property key="oscillator.frequency" value="1"/>
        <property key="oscillator.frequencyunit" value="Mega"/>
        <property key="oscillator.rcfrequency" value="250"/>
        <property key="oscillator.rcfrequencyunit" value="Kilo"/>
        <property key="performancedata.show" value="false"/>
        <property key="periphADC1.altscl" value="false"/>
        <property key="periphADC1.minTacq" value=""/>
        <property key="periphADC1.tacqunits" value="microseconds"/>
        <property key="periphADC2.altscl" value="false"/>
        <property key="periphADC2.minTacq" value=""/>
        <property key="periphADC2.tacqunits" value="microseconds"/>
        <property key="periphComp1.gte" value="gt"/>
        <property key="periphComp2.gte" value="gt"/>
        <property key="periphComp3.gte" value="gt"/>
        <property key="periphComp4.gte" value="gt"/>
        <property key="periphComp5.gte" value="gt"/>
        <property key="periphComp6.gte" value="gt"/>
        <property key="tracecontrol.include.timestamp" value="false"/>
        <property key="tracecontrol.select" value="0"/>
        <property key="tracecontrol.stallontracebufferfull" value="false"/>
        <property key="tracecontrol.timestamp" value="0"/>
        <property key="tracecontrol.tracebufmax" value="546000"/>
        <property key="tracecontrol.tracefile" value="defmplabxtrace.log"/>
        <property key="tracecontrol.traceresetonrun" value="false"/>
        <property key="uart10io.output" value="window"/>
        <property key="uart10io.outputfile" value=""/>
        <property key="uart10io.uartioenabled" value="false"/>
        <property key="uart1io.output" value="window"/>
        <property key="uart1io.outputfile" value=""/>
        <property key="uart1io.uartioenabled" value="false"/>
        <property key="uart2io.output" value="window"/>
        <property key="uart2io.outputfile" value=""/>
        <property key="uart2io.uartioenabled" value="false"/>
        <property key="uart3io.output" value="window"/>
        <property key="uart3io.outputfile" value=""/>
        <property key="uart3io.uartioenabled" value="false"/>
        <property key="uart4io.output" value="window"/>
        <property key="uart4io.outputfile" value=""/>
        <property key="uart4io.uartioenabled" value="false"/>
        <property key="uart5io.output" value="window"/>
        <property key="uart5io.outputfile" value=""/>
        <property key="uart5io.uartioenabled" value="false"/>
        <property key="uart6io.output" value="window"/>
        <property key="uart6io.outputfile" value=""/>
        <property key="uart6io.uartioenabled" value="false"/>
        <property key="uart7io.output" value="window"/>
        <property key="uart7io.outputfile" value=""/>
        <property key="uart7io.uartioenabled" value="false"/>
        <property key="uart8io.output" value="window"/>
        <property key="uart8io.outputfile" value=""/>
        <property key="uart8io.uartioenabled" value="false"/>
        <property key="uart9io.output" value="window"/>
        <property key="uart9io.outputfile" value=""/>
        <property key="uart9io.uartioenabled" value="false"/>
        <property key="warningmessagebreakoptions.W0001_CORE_BITREV_MODULO_EN"
                  value="report"/>
        <property key="warningmessagebreakoptions.W0002_CORE_SECURE_MEMORYACCESS"
                  value="report"/>
        <property key="warningmessagebreakoptions.W0003_CORE_SW_RESET" value="report"/>
        <property key="warningmessagebreakoptions.W0004_CORE_WDT_RESET" value="report"/>
        <property key="warningmessagebreakoptions.W0005_CORE_IOPUW_RESET"
                  value="report"/>
        <property key="warningmessagebreakoptions.W0006_CORE_CODE_GUARD_PFC_RESET"
                  value="report"/>
        <property key="warningmessagebreakoptions.W0007_CORE_DO_LOOP_STACK_UNDERFLOW"
                  value="report"/>
        <property key="warningmessagebreakoptions.W0008_CORE_DO_LOOP_STACK_OVERFLOW"
                  value="report"/>
        <property key="warningmessagebreakoptions.W0009_CORE_NESTED_DO_LOOP_RANGE"
                  value="report"/>
        <property key="warningmessagebreakoptions.W0010_CORE_SIM32_ODD_WORDACCESS"
                  value="report"/>
        <property key="warningmessagebreakoptions.W0011_CORE_SIM32_UNIMPLEMENTED_RAMACCESS"
                  value="report"/>
        <property key="warningmessagebreakoptions.W0012_CORE_STACK_OVERFLOW_RESET"
                  value="report"/>
        <property key="warningmessagebreakoptions.W0013_CORE_STACK_UNDERFLOW_RESET"
                  value="report"/>
        <property key="warningmessagebreakoptions.W0014_CORE_STACK_OVERFLOW"
                  value="report"/>
        <property key="warningmessagebreakoptions.W0015_CORE_STACK_UNDERFLOW"
                  value="report"/>
        <property key="warningmessagebreakoptions.W0101_SIM_UPDATE_FAILED"
                  value="report"/>
        <property key="warningmessagebreakoptions.W0102_SIM_PERIPH_MISSING"
                  value="report"/>
        <property key="warningmessagebreakoptions.W0103_SIM_PERIPH_FAILED"
                  value="report"/>
        <property key="warningmessagebreakoptions.W0104_SIM_FAILED_TO_INIT_TOOL"
                  value="report"/>
        <property key="warningmessagebreakoptions.W0201_ADC_NO_STIMULUS_FILE"
                  value="report"/>
        <property key="warningmessagebreakoptions.W0202_ADC_GO_DONE_BIT" value="report"/>
        <property key="warningmessagebreakoptions.W0203_ADC_MINIMUM_2_TAD"
                  value="report"/>
        <property key="warningmessagebreakoptions.W0204_ADC_TAD_TOO_SMALL"
                  value="report"/>
        <property key="warningmessagebreakoptions.W0205_ADC_UNEXPECTED_TRANSITION"
                  value="report"/>
        <property key="warningmessagebreakoptions.W0206_ADC_SAMP_TIME_TOO_SHORT"
                  value="report"/>
        <property key="warningmessagebreakoptions.W0207_ADC_NO_PINS_SCANNED"
                  value="report"/>
        <property key="warningmessagebreakoptions.W0208_ADC_UNSUPPORTED_CLOCK_SOURCE"
                  value="report"/>
        <property key="warningmessagebreakoptions.W0209_ADC_ANALOG_CHANNEL_DIGITAL"
                  value="report"/>
        <property key="warningmessagebreakoptions.W0210_ADC_ANALOG_CHANNEL_OUTPUT"
                  value="report"/>
        <property key="warningmessagebreakoptions.W0211_ADC_PIN_INVALID_CHANNEL"
                  value="report"/>
        <property key="warningmessagebreakoptions.W0212_ADC_BAND_GAP_NOT_SUPPORTED"
                  value="report"/>
        <property key="warningmessagebreakoptions.W0213_ADC_RESERVED_SSRC"
                  value="report"/>
        <property key="warningmessagebreakoptions.W0214_ADC_POSITIVE_INPUT_DIGITAL"
                  value="report"/>
        <property key="warningmessagebreakoptions.W0215_ADC_POSITIVE_INPUT_OUTPUT"
                  value="report"/>
        <property key="warningmessagebreakoptions.W0216_ADC_NEGATIVE_INPUT_DIGITAL"
                  value="report"/>
        <property key="warningmessagebreakoptions.W0217_ADC_NEGATIVE_INPUT_OUTPUT"
                  value="report"/>
        <property key="warningmessagebreakoptions.W0218_ADC_REFERENCE_HIGH_DIGITAL"
                  value="report"/>
        <property key="warningmessagebreakoptions.W0219_ADC_REFERENCE_HIGH_OUTPUT"
                  value="report"/>
        <property key="warningmessagebreakoptions.W0220_ADC_REFERENCE_LOW_DIGITAL"
                  value="report"/>
        <property key="warningmessagebreakoptions.W0221_ADC_REFERENCE_LOW_OUTPUT"
                  value="report"/>
        <property key="warningmessagebreakoptions.W0222_ADC_OVERFLOW" value="report"/>
        <property key="warningmessagebreakoptions.W0223_ADC_UNDERFLOW" value="report"/>
        <property key="warningmessagebreakoptions.W0224_ADC_CTMU_NOT_SUPPORTED"
                  value="report"/>
        <property key="warningmessagebreakoptions.W0225_ADC_INVALID_CH0S"
                  value="report"/>
        <property key="warningmessagebreakoptions.W0226_ADC_VBAT_NOT_SUPPORTED"
                  value="report"/>
        <property key="warningmessagebreakoptions.W0227_ADC_INVALID_ADCS"
                  value="report"/>
        <property key="warningmessagebreakoptions.W1201_DATAFLASH_MEM_OUTSIDE_RANGE"
                  value="report"/>
        <property key="warningmessagebreakoptions.W1202_DATAFLASH_ERASE_WHILE_LOCKED"
                  value="report"/>
        <property key="warningmessagebreakoptions.W1203_DATAFLASH_WRITE_WHILE_LOCKED"
                  value="report"/>
        <property key="warningmessagebreakoptions.W1401_DMA_PERIPH_NOT_AVAIL"
                  value="report"/>
        <property key="warningmessagebreakoptions.W1402_DMA_INVALID_IRQ" value="report"/>
        <property key="warningmessagebreakoptions.W1403_DMA_INVALID_SFR" value="report"/>
        <property key="warningmessagebreakoptions.W1404_DMA_INVALID_DMA_ADDR"
                  value="report"/>
        <property key="warningmessagebreakoptions.W1405_DMA_IRQ_DIR_MISMATCH"
                  value="report"/>
        <property key="warningmessagebreakoptions.W2001_INPUTCAPTURE_TMR3_UNAVAILABLE"
                  value="report"/>
        <property key="warningmessagebreakoptions.W2002_INPUTCAPTURE_CAPTURE_EMPTY"
                  value="report"/>
        <property key="warningmessagebreakoptions.W9001_TMR_GATE_AND_EXTCLOCK_ENABLED"
                  value="report"/>
        <property key="warningmessagebreakoptions.W9002_TMR_NO_PIN_AVAILABLE"
                  value="report"/>
        <property key="warningmessagebreakoptions.W9003_TMR_INVALID_CLOCK_SOURCE"
                  value="report"/>
        <property key="warningmessagebreakoptions.W9201_UART_TX_OVERFLOW"
                  value="report"/>
        <property key="warningmessagebreakoptions.W9202_UART_TX_CAPTUREFILE"
                  value="report"/>
        <property key="warningmessagebreakoptions.W9203_UART_TX_INVALIDINTERRUPTMODE"
                  value="report"/>
        <property key="warningmessagebreakoptions.W9204_UART_RX_EMPTY_QUEUE"
                  value="report"/>
        <property key="warningmessagebreakoptions.W9205_UART_TX_BADFILE" value="report"/>
        <property key="warningmessagebreakoptions.W9801_SCL_BAD_SUBTYPE_INDICATION"
                  value="report"/>
        <property key="warningmessagebreakoptions.W9802_SCL_FILE_NOT_FOUND"
                  value="report"/>
        <property key="warningmessagebreakoptions.W9803_SCL_FAILED_TO_READ_FILE"
                  value="report"/>
        <property key="warningmessagebreakoptions.W9804_SCL_UNRECOGNIZED_LABEL"
                  value="report"/>
        <property key="warningmessagebreakoptions.W9805_SCL_UNRECOGNIZED_VAR"
                  value="report"/>
        <property key="warningmessagebreakoptions.displaywarningmessagesoption"
                  value=""/>
        <property key="warningmessagebreakoptions.warningmessages" value="holdstate"/>
      </Simulator>
      <XC8-config-global>
        <property key="advanced-elf" value="true"/>
        <property key="output-file-format" value="-mcof,+elf"/>
        <property key="stack-size-high" value="auto"/>
        <property key="stack-size-low" value="auto"/>
        <property key="stack-size-main" value="auto"/>
        <property key="stack-type" value="compiled"/>
      </XC8-config-global>
    </conf>
  </confs>
</configurationDescriptor>
