<?xml version="1.0" encoding="UTF-8"?>
<project-private xmlns="http://www.netbeans.org/ns/project-private/1">
    <editor-bookmarks xmlns="http://www.netbeans.org/ns/editor-bookmarks/1"/>
    <editor-bookmarks xmlns="http://www.netbeans.org/ns/editor-bookmarks/2" lastBookmarkId="0"/>
    <open-files xmlns="http://www.netbeans.org/ns/projectui-open-files/2">
        <group>
            <file>file:/SVN_Workspace/smtd.microchip.com/LoRaMote_LCD_Version/Includes/Board/poweruptest.c</file>
            <file>file:/SVN_Workspace/smtd.microchip.com/LoRaMote_LCD_Version/Includes/Board/MOTEapp.c</file>
            <file>file:/SVN_Workspace/smtd.microchip.com/LoRaMote_LCD_Version/Includes/MccGenerated/adc.c</file>
            <file>file:/SVN_Workspace/smtd.microchip.com/LoRaMote_LCD_Version/Includes/MccGenerated/pin_manager.c</file>
            <file>file:/SVN_Workspace/smtd.microchip.com/LoRaMote_LCD_Version/LoRaMote.X/main.c</file>
        </group>
    </open-files>
</project-private>
